{"parent":"minecraft:item/handheld","textures":{"layer0":"minecraft:item/bamboo"},"overrides":[{"predicate":{"custom_model_data":2203071},"model":"gastronomicon:ingredient/gn_asparagus"},{"predicate":{"custom_model_data":2300068},"model":"cultivation:products/clt_celery"},{"predicate":{"custom_model_data":2300091},"model":"cultivation:products/clt_courgette"},{"predicate":{"custom_model_data":2300092},"model":"cultivation:products/clt_cucumber"},{"predicate":{"custom_model_data":2300093},"model":"item/bamboo"}]}