{"parent":"minecraft:item/generated","textures":{"layer0":"minecraft:item/kelp"},"overrides":[{"predicate":{"custom_model_data":2203055},"model":"gastronomicon:ingredient/gn_basil"},{"predicate":{"custom_model_data":2300038},"model":"cultivation:products/clt_curry_leaf"},{"predicate":{"custom_model_data":2300045},"model":"cultivation:products/clt_kaffir_lime"},{"predicate":{"custom_model_data":2300070},"model":"cultivation:products/clt_spinach"},{"predicate":{"custom_model_data":2300076},"model":"cultivation:products/clt_runner_beans"},{"predicate":{"custom_model_data":2300614},"model":"geneticchickengineering:chickens/kelp_chicken"},{"predicate":{"custom_model_data":2300615},"model":"item/kelp"}]}